title,company,location,salary,tags,posted_date,source,link,scraped_at,confidence_score,credibility_score
RPA Developer,LanceTech Solutions Pvt Ltd,"HR, IN",Not specified,fulltime,2026-09-26,indeed,https://in.indeed.com/viewjob?jk=bdea5e5ec059d17e,2026-09-25T22:05:36Z,68,68
Senior Software Engineer,Optum India,"Gurgaon, Haryana, India",Not specified,"fulltime, mid-senior level, Engineering and Information Technology, IT Services and IT Consulting",Not specified,linkedin,https://www.linkedin.com/jobs/view/4472043246,2026-09-25T22:05:36Z,84,84
Oracle Developer,Unknown,"CH, IN",Not specified,fulltime,2026-09-26,indeed,https://in.indeed.com/viewjob?jk=adc36f1f43321831,2026-09-25T22:05:36Z,74,74
Cloud Native Full stack Java Developer,SAP Fioneer,"Pune Division, Maharashtra, India",Not specified,"fulltime, mid-senior level, Information Technology, Non-profit Organizations and Primary and Secondary Education",Not specified,linkedin,https://www.linkedin.com/jobs/view/4470092697,2026-09-25T22:05:36Z,73,73
Senior Embedded Software Engineer (Modern C++),SANSID SOLUTIONS LLP,"TS, IN",Not specified,fulltime,2026-09-26,indeed,https://in.indeed.com/viewjob?jk=76734f494cbaa631,2026-09-25T22:05:36Z,85,85
Software Engineer,IRIS Business Services Limited,"Navi Mumbai, Maharashtra, India",Not specified,"fulltime, mid-senior level, Information Technology, Financial Services",Not specified,linkedin,https://www.linkedin.com/jobs/view/4470314283,2026-09-25T22:05:36Z,60,60
"Software Engineer II, Full Stack",Cambridge Mobile Telematics,"TN, IN",Not specified,Not specified,2026-09-25,indeed,https://in.indeed.com/viewjob?jk=819908039512977c,2026-09-25T22:05:36Z,74,74
Software Engineer - Backend,GE Vernova,"Bengaluru, Karnataka, India",Not specified,"fulltime, mid-senior level, Engineering and Information Technology, Energy Technology",Not specified,linkedin,https://www.linkedin.com/jobs/view/4443960138,2026-09-25T22:05:36Z,70,70
Power Apps / Power BI Developer,CGI,"KA, IN",Not specified,fulltime,2026-09-25,indeed,https://in.indeed.com/viewjob?jk=297a093d930c2ebc,2026-09-25T22:05:36Z,79,79
Senior Software Engineer,tripstack,"Pune Division, Maharashtra, India",Not specified,"fulltime, mid-senior level, Engineering and Information Technology, Technology, Information and Internet",Not specified,linkedin,https://www.linkedin.com/jobs/view/4454015448,2026-09-25T22:05:36Z,90,90
Mainframe Developer with 3-4 Years of exp,CGI,"TS, IN",Not specified,fulltime,2026-09-25,indeed,https://in.indeed.com/viewjob?jk=ff4053273182578f,2026-09-25T22:05:36Z,89,89
Custom Software Engineer,Accenture in India,"Pune Division, Maharashtra, India",Not specified,"fulltime, mid-senior level, Engineering and Information Technology, IT Services and IT Consulting",Not specified,linkedin,https://www.linkedin.com/jobs/view/4468282862,2026-09-25T22:05:36Z,84,84
Lead Mainframe Developer/Tech lead 7-9 Yrs of exp,CGI,"TS, IN",Not specified,fulltime,2026-09-25,indeed,https://in.indeed.com/viewjob?jk=3fd7d575f13d773d,2026-09-25T22:05:36Z,60,60
Software Engineer - Java Fullstack,Optum India,"Noida, Uttar Pradesh, India",Not specified,"fulltime, entry level, Engineering and Information Technology, IT Services and IT Consulting",Not specified,linkedin,https://www.linkedin.com/jobs/view/4472209053,2026-09-25T22:05:36Z,63,63
Ab Initio Software Engineer,CGI,"TS, IN",Not specified,fulltime,2026-09-25,indeed,https://in.indeed.com/viewjob?jk=137daf8f0e81173a,2026-09-25T22:05:36Z,57,57
Senior Software Engineer,PAR Technology,"Gurugram, Haryana, India",Not specified,"fulltime, mid-senior level, Engineering and Information Technology, Software Development",Not specified,linkedin,https://www.linkedin.com/jobs/view/4470310953,2026-09-25T22:05:36Z,79,79
"Software Engineering Manager, AI/ML Infrastructure and Performance Engineering",Google,"KA, IN",Not specified,fulltime,2026-09-25,indeed,https://in.indeed.com/viewjob?jk=2c74ca8505731670,2026-09-25T22:05:36Z,76,76
"Software Development Engineer, Amazon Time & Pay Innovation",Amazon,"Hyderabad, Telangana, India",Not specified,"fulltime, mid-senior level, Information Technology, Consulting, and Engineering, Software Development",Not specified,linkedin,https://www.linkedin.com/jobs/view/4471820271,2026-09-25T22:05:36Z,59,59
"Software Engineer Manager, Commerce Infrastructure, Health and Home",Google,"KA, IN",Not specified,fulltime,2026-09-25,indeed,https://in.indeed.com/viewjob?jk=9c8cc188304c04f6,2026-09-25T22:05:36Z,64,64
"Software Engineer III - Java AWS, IVR Connect",JPMorganChase,"Hyderabad, Telangana, India",Not specified,"fulltime, not applicable, Engineering and Information Technology, Financial Services",2026-09-24,linkedin,https://www.linkedin.com/jobs/view/4471679531,2026-09-25T22:05:36Z,81,81
Software Engineer II - Java Full Stack Developer + AWS + AI,JPMorganChase,"KA, IN",Not specified,fulltime,2026-09-25,indeed,https://in.indeed.com/viewjob?jk=16779700bfa060f0,2026-09-25T22:05:36Z,73,73
Java Full Stack Developer,Siemens,"Pune Division, Maharashtra, India",Not specified,"fulltime, entry level, Engineering and Information Technology, Automation Machinery Manufacturing",2026-09-24,linkedin,https://www.linkedin.com/jobs/view/4469741637,2026-09-25T22:05:36Z,75,75
E-Commerce Developer,Logitech,"TN, IN",Not specified,fulltime,2026-09-25,indeed,https://in.indeed.com/viewjob?jk=92db3d76f6c0907d,2026-09-25T22:05:36Z,60,60
Software Engineer III,Pearson,"Chennai, Tamil Nadu, India",Not specified,"fulltime, not applicable, Engineering and Information Technology, Education Administration Programs and E-Learning Providers",2026-09-24,linkedin,https://www.linkedin.com/jobs/view/4452742586,2026-09-25T22:05:36Z,78,78
Java - Senior Engineer,Iris Software,"UP, IN",Not specified,Not specified,2026-09-25,indeed,https://in.indeed.com/viewjob?jk=4d8f49e8f453b83b,2026-09-25T22:05:36Z,87,87
Java Developer,Capco,"Pune City, Maharashtra, India",Not specified,"fulltime, entry level, Engineering and Information Technology, Financial Services",2026-09-24,linkedin,https://www.linkedin.com/jobs/view/4471407804,2026-09-25T22:05:36Z,61,61
Java - Senior Engineer,Iris Software,"UP, IN",Not specified,Not specified,2026-09-25,indeed,https://in.indeed.com/viewjob?jk=6d7661c1f2f73630,2026-09-25T22:05:36Z,74,74
Software Engineer III - GBS IND,Bank of America,"Chennai, Tamil Nadu, India",Not specified,"fulltime, mid-senior level, Engineering and Information Technology, Banking",2026-09-24,linkedin,https://www.linkedin.com/jobs/view/4471613724,2026-09-25T22:05:36Z,88,88
Junior Frontend Developer,Codilar Technologies,"KL, IN",Not specified,Not specified,2026-09-25,indeed,https://in.indeed.com/viewjob?jk=c939afac38346982,2026-09-25T22:05:36Z,73,73
Microservices JAVA with GCP-Software Engineer II,Deloitte,"Chennai, Tamil Nadu, India",Not specified,"fulltime, not applicable, Engineering and Information Technology, Business Consulting and Services",2026-09-24,linkedin,https://www.linkedin.com/jobs/view/4469713732,2026-09-25T22:05:36Z,76,76
Python Developer.,Codilar Technologies,"KL, IN",Not specified,Not specified,2026-09-25,indeed,https://in.indeed.com/viewjob?jk=c5ca3a143a6079d4,2026-09-25T22:05:36Z,71,71
"Software Dev Engineer II, Amazon Payment Services",Amazon,"Chennai, Tamil Nadu, India",Not specified,"fulltime, mid-senior level, Information Technology, Consulting, and Engineering, Software Development",2026-09-24,linkedin,https://www.linkedin.com/jobs/view/4469755004,2026-09-25T22:05:36Z,87,87
Python Developer(2years),Codilar Technologies,"KL, IN",Not specified,fulltime,2026-09-25,indeed,https://in.indeed.com/viewjob?jk=e0b5540d743b4d3d,2026-09-25T22:05:36Z,79,79
WoW Software Engineer,NatWest Group,"Chennai, Tamil Nadu, India",Not specified,"fulltime, entry level, Information Technology, Software Development",2026-09-24,linkedin,https://www.linkedin.com/jobs/view/4471439261,2026-09-25T22:05:36Z,66,66
Senior Developer(Python/Node),Codilar Technologies,"KL, IN",Not specified,Not specified,2026-09-25,indeed,https://in.indeed.com/viewjob?jk=01395638d039227e,2026-09-25T22:05:36Z,68,68
Software Developer (Java),Charles Schwab India,"Hyderabad, Telangana, India",Not specified,"fulltime, mid-senior level, Engineering and Information Technology, Financial Services",2026-09-23,linkedin,https://www.linkedin.com/jobs/view/4443274661,2026-09-25T22:05:36Z,75,75
Senior DevOps Engineer,Cornerstone OnDemand,"TS, IN",Not specified,Not specified,2026-09-25,indeed,https://in.indeed.com/viewjob?jk=2a56c02f2a6e1920,2026-09-25T22:05:36Z,88,88
Software Engineer II,Mastercard,"Pune Division, Maharashtra, India",Not specified,"fulltime, entry level, Engineering and Information Technology, Financial Services, IT Services and IT Consulting, and Technology, Information and Internet",2026-09-23,linkedin,https://www.linkedin.com/jobs/view/4468993665,2026-09-25T22:05:36Z,71,71
Senior Software Engineer,Ford Motor Company,"TN, IN",Not specified,Not specified,2026-09-25,indeed,https://in.indeed.com/viewjob?jk=03c57eea96f3b3d0,2026-09-25T22:05:36Z,61,61
Senior Software Developer (.NET),Charles Schwab India,"Hyderabad, Telangana, India",Not specified,"fulltime, mid-senior level, Engineering and Information Technology, Financial Services",2026-09-23,linkedin,https://www.linkedin.com/jobs/view/4443274663,2026-09-25T22:05:36Z,65,65
Senior DevOps Engineer,Realworld One GmbH & Co. KG,"KA, IN",Not specified,Internet And Software,2026-09-25,indeed,https://in.indeed.com/viewjob?jk=add88434fcbc82e1,2026-09-25T22:05:36Z,76,76
"Software Engineer, AVP",NatWest Group,"Gurugram, Haryana, India",Not specified,"fulltime, mid-senior level, Information Technology, Software Development",2026-09-23,linkedin,https://www.linkedin.com/jobs/view/4460120366,2026-09-25T22:05:36Z,83,83
Senior Staff Software Development Engineer in Test,Kaseya,"MH, IN",Not specified,Not specified,2026-09-25,indeed,https://in.indeed.com/viewjob?jk=9ba27a5d196ec9c8,2026-09-25T22:05:36Z,68,68
Software Engineer II,Xplor Technologies,Not specified,Not specified,"fulltime, mid-senior level, Information Technology, Software Development",2026-09-23,linkedin,https://www.linkedin.com/jobs/view/4470946777,2026-09-25T22:05:36Z,71,71
UI/Front End Developer,Womennnovator,"DL, IN",Not specified,Not specified,2026-09-25,indeed,https://in.indeed.com/viewjob?jk=bdfc55af790aba86,2026-09-25T22:05:36Z,78,78
Software Engr II,Honeywell Aerospace,"Madurai, Tamil Nadu, India",Not specified,"fulltime, mid-senior level, Engineering and Information Technology, Aviation and Aerospace Component Manufacturing",2026-09-23,linkedin,https://www.linkedin.com/jobs/view/4462011182,2026-09-25T22:05:36Z,59,59
Design Engineer Professional,BT Group,"KA, IN",Not specified,Not specified,2026-09-25,indeed,https://in.indeed.com/viewjob?jk=d6f0eda3ebb26039,2026-09-25T22:05:36Z,66,66
Core Java Fullstack Developer,Persistent Systems,"Pune City, Maharashtra, India",Not specified,"fulltime, mid-senior level, IT Services and IT Consulting and Information Services",2026-09-23,linkedin,https://www.linkedin.com/jobs/view/4469301114,2026-09-25T22:05:36Z,73,73
Murex DevOps Engineer,Bounteous,"KA, IN",Not specified,fulltime,2026-09-25,indeed,https://in.indeed.com/viewjob?jk=3f04a7e96b60054b,2026-09-25T22:05:36Z,77,77
Fullstack Java With Angular-Software Engineer II,Deloitte,"Chennai, Tamil Nadu, India",Not specified,"fulltime, not applicable, Engineering and Information Technology, Business Consulting and Services",2026-09-23,linkedin,https://www.linkedin.com/jobs/view/4424676269,2026-09-25T22:05:36Z,55,55
Solution Architect — AWS / Cloud,Bounteous,IN,Not specified,fulltime,2026-09-25,indeed,https://in.indeed.com/viewjob?jk=8c99fdd9059ed6d0,2026-09-25T22:05:36Z,80,80
Software Engineer II- Tax Transformation Office - Hyderabad & Gurugram,Deloitte,"Gurugram, Haryana, India",Not specified,"fulltime, not applicable, Engineering and Information Technology, Business Consulting and Services",2026-09-23,linkedin,https://www.linkedin.com/jobs/view/4452432100,2026-09-25T22:05:36Z,74,74
Senior DevOps Engineer – Google Cloud Platform (GCP),Bounteous,IN,Not specified,fulltime,2026-09-25,indeed,https://in.indeed.com/viewjob?jk=93be41a7444fa6e4,2026-09-25T22:05:36Z,56,56
"Software Development Engineer II, Alexa Multimodal Initiatives, Alexa Devices",Amazon,Not specified,Not specified,"fulltime, mid-senior level, Information Technology, Consulting, and Engineering, Software Development",2026-09-22,linkedin,https://www.linkedin.com/jobs/view/4461727278,2026-09-25T22:05:36Z,74,74
"Senior Software Engineer I, Insurance Services",Porch Group,"Remote, IN",Not specified,"fulltime, Consumer Goods And Services",2026-09-25,indeed,https://in.indeed.com/viewjob?jk=cf500aee41da8cae,2026-09-25T22:05:36Z,85,85
"Software Engineer II - Java, Kafka, AWS",JPMorganChase,"Hyderabad, Telangana, India",Not specified,"fulltime, not applicable, Engineering and Information Technology, Financial Services",2026-09-22,linkedin,https://www.linkedin.com/jobs/view/4470629049,2026-09-25T22:05:36Z,79,79
Backend and Algorithms Engineer,Ingersoll-Rand,"KA, IN",Not specified,Industrial Manufacturing,2026-09-25,indeed,https://in.indeed.com/viewjob?jk=b59a1946aadf07d8,2026-09-25T22:05:36Z,82,82
Senior Software Engineer II,Optum India,"Noida, Uttar Pradesh, India",Not specified,"fulltime, mid-senior level, Engineering and Information Technology, IT Services and IT Consulting",2026-09-22,linkedin,https://www.linkedin.com/jobs/view/4470616973,2026-09-25T22:05:36Z,59,59
Java Developer,Thakral One,"KA, IN",Not specified,fulltime,2026-09-25,indeed,https://in.indeed.com/viewjob?jk=9595a0b8e3e090bb,2026-09-25T22:05:36Z,62,62
Full Stack Developer / UI Developer (.NET Core & React JS),HTC Global Services,"Chennai, Tamil Nadu, India",Not specified,"fulltime, mid-senior level, Engineering and Information Technology, IT Services and IT Consulting",2026-09-22,linkedin,https://www.linkedin.com/jobs/view/4452428678,2026-09-25T22:05:36Z,63,63
Full Stack Java Developer,Thakral One,"KA, IN",Not specified,fulltime,2026-09-25,indeed,https://in.indeed.com/viewjob?jk=11ada0a9541eccd5,2026-09-25T22:05:36Z,75,75
Python Backend Engineer,Hitachi Solutions India Pvt Ltd,"Pune Division, Maharashtra, India",Not specified,"fulltime, not applicable, Consulting, IT Services and IT Consulting",2026-09-21,linkedin,https://www.linkedin.com/jobs/view/4468496305,2026-09-25T22:05:36Z,62,62
Front End Engineering & ﻿Enterprise Portal Development,Thakral One,"KA, IN",Not specified,fulltime,2026-09-25,indeed,https://in.indeed.com/viewjob?jk=44207551429148a7,2026-09-25T22:05:36Z,57,57
Software Engineer - CDH Platform,Alegeus,"Bengaluru East, Karnataka, India",Not specified,"fulltime, mid-senior level, Engineering and Information Technology, Financial Services",2026-09-21,linkedin,https://www.linkedin.com/jobs/view/4414653471,2026-09-25T22:05:36Z,66,66
Java Developer - AVP,Thakral One,"KA, IN",Not specified,fulltime,2026-09-25,indeed,https://in.indeed.com/viewjob?jk=8137b936b67fe935,2026-09-25T22:05:36Z,58,58
Software Engr II,Honeywell Technologies,"Bengaluru, Karnataka, India",Not specified,"fulltime, mid-senior level, Engineering and Information Technology, Automation Machinery Manufacturing",2026-09-21,linkedin,https://www.linkedin.com/jobs/view/4461028034,2026-09-25T22:05:36Z,81,81
Full Stack Senior Java Developer,Thakral One,"KA, IN",Not specified,fulltime,2026-09-25,indeed,https://in.indeed.com/viewjob?jk=b4d380c6adc3ffc5,2026-09-25T22:05:36Z,83,83
"SENIOR, SOFTWARE ENGINEER",Walmart Global Tech India,"Bengaluru, Karnataka, India",Not specified,"fulltime, mid-senior level, Engineering and Information Technology, Software Development",2026-09-20,linkedin,https://www.linkedin.com/jobs/view/4402875560,2026-09-25T22:05:36Z,81,81
Full Stack Engineer,Lister Digital,"TN, IN",Not specified,fulltime,2026-09-25,indeed,https://in.indeed.com/viewjob?jk=3979fccfb21cf343,2026-09-25T22:05:36Z,75,75
Engineer - Software,Eaton,"Chennai, Tamil Nadu, India",Not specified,"fulltime, mid-senior level, Other, Appliances, Electrical, and Electronics Manufacturing",2026-09-19,linkedin,https://www.linkedin.com/jobs/view/4429886103,2026-09-25T22:05:36Z,86,86
Murex DevOps Engineer,Lister Digital,"KA, IN",Not specified,fulltime,2026-09-25,indeed,https://in.indeed.com/viewjob?jk=4597756f160c8449,2026-09-25T22:05:36Z,73,73
Lead Software Engineer,U.S. Bank,"Chennai, Tamil Nadu, India",Not specified,"fulltime, mid-senior level, Engineering and Information Technology, Banking",2026-09-19,linkedin,https://www.linkedin.com/jobs/view/4447088539,2026-09-25T22:05:36Z,57,57
Senior Software Engineer II - Periscope,McKinsey & Company,"KA, IN",Not specified,Not specified,2026-09-25,indeed,https://in.indeed.com/viewjob?jk=81065e3ea1a8aeb2,2026-09-25T22:05:36Z,85,85
"Software Development Engineer II, IN Pharmacy",Amazon,"Bengaluru, Karnataka, India",Not specified,"fulltime, mid-senior level, Information Technology, Consulting, and Engineering, Software Development",2026-09-19,linkedin,https://www.linkedin.com/jobs/view/4460394436,2026-09-25T22:05:36Z,74,74
Principal AI & DevOps Engineer,Revvity,"MH, IN",Not specified,Not specified,2026-09-25,indeed,https://in.indeed.com/viewjob?jk=a71d409d80574afe,2026-09-25T22:05:36Z,61,61
Software Engineer (C++),Veradigm®,"Pune Division, Maharashtra, India",Not specified,"fulltime, mid-senior level, Engineering and Information Technology, Hospitals and Health Care",2026-09-18,linkedin,https://www.linkedin.com/jobs/view/4420987455,2026-09-25T22:05:36Z,74,74
Software Engineer III,American Express,"KA, IN",Not specified,fulltime,2026-09-25,indeed,https://in.indeed.com/viewjob?jk=0de03114db066f39,2026-09-25T22:05:36Z,74,74
"Senior Software Engineer (Golang, Linux/Unix, Cloud, Agile Development)",PubMatic,"Pune Division, Maharashtra, India",Not specified,"fulltime, mid-senior level, Engineering and Information Technology, Technology, Information and Internet",2026-09-18,linkedin,https://www.linkedin.com/jobs/view/4459846341,2026-09-25T22:05:36Z,59,59
Senior Software Engineer I,American Express,"KA, IN",Not specified,fulltime,2026-09-25,indeed,https://in.indeed.com/viewjob?jk=dffa997e3fabf2fc,2026-09-25T22:05:36Z,89,89
"Software Engineer II (3-6 years in Asp.Net,C#) Pune",Worldpay,"Pune Division, Maharashtra, India",Not specified,"fulltime, mid-senior level, Engineering and Information Technology, Financial Services",2026-09-18,linkedin,https://www.linkedin.com/jobs/view/4469122288,2026-09-25T22:05:36Z,55,55
Senior Manager Software Engineering,American Express,"KA, IN",Not specified,fulltime,2026-09-25,indeed,https://in.indeed.com/viewjob?jk=cd4dcc7f367cc0f6,2026-09-25T22:05:36Z,68,68
Senior Java Software Engineer,UST,"Thiruvananthapuram Taluk, India",Not specified,"fulltime, mid-senior level, Information Technology, Engineering, and Consulting, Information Services, Technology, Information and Media, and Engineering Services",2026-09-18,linkedin,https://www.linkedin.com/jobs/view/4469111346,2026-09-25T22:05:36Z,88,88
Salesforce Developer,CUBE84,IN,Not specified,Not specified,2026-09-25,indeed,https://in.indeed.com/viewjob?jk=eaa0ba6cfaf63b33,2026-09-25T22:05:36Z,83,83
Software Development Engineer II,Amazon,"Bengaluru, Karnataka, India",Not specified,"fulltime, mid-senior level, Information Technology, Consulting, and Engineering, Software Development",2026-09-18,linkedin,https://www.linkedin.com/jobs/view/4469161083,2026-09-25T22:05:36Z,77,77
Senior Salesforce Administrator,CUBE84,IN,Not specified,Not specified,2026-09-25,indeed,https://in.indeed.com/viewjob?jk=be085605b975f49b,2026-09-25T22:05:36Z,88,88
Java Software Engineer,UST,"Thiruvananthapuram Taluk, India",Not specified,"fulltime, associate, Information Technology, Engineering, and Consulting, Information Services, Technology, Information and Media, and Engineering Services",2026-09-18,linkedin,https://www.linkedin.com/jobs/view/4468894675,2026-09-25T22:05:36Z,68,68
Associate Salesforce Developer (Salesforce Trained Freshers),CUBE84,IN,Not specified,Not specified,2026-09-25,indeed,https://in.indeed.com/viewjob?jk=35f2a285d8e000e7,2026-09-25T22:05:36Z,82,82
Senior Software Engineer,Qualys,"Pune Division, Maharashtra, India",Not specified,"fulltime, mid-senior level, Engineering and Information Technology, Computer and Network Security",2026-09-17,linkedin,https://www.linkedin.com/jobs/view/4467560702,2026-09-25T22:05:36Z,59,59
Senior Salesforce Developer,CUBE84,IN,Not specified,Not specified,2026-09-25,indeed,https://in.indeed.com/viewjob?jk=4ef3300703d67ba2,2026-09-25T22:05:36Z,58,58
"Software Dev Engineer II, DSP Tech",Amazon,"Hyderabad, Telangana, India",Not specified,"fulltime, mid-senior level, Information Technology, Consulting, and Engineering, Software Development",2026-09-17,linkedin,https://www.linkedin.com/jobs/view/4468676670,2026-09-25T22:05:36Z,81,81
Senior Software Engineer (Java),WalkingTree Technologies,"TN, IN",Not specified,fulltime,2026-09-25,indeed,https://in.indeed.com/viewjob?jk=5a676df96dafc18b,2026-09-25T22:05:36Z,60,60
Software Engineer II,NCR Voyix,"Chennai, Tamil Nadu, India",Not specified,"fulltime, entry level, Engineering and Information Technology, Software Development",2026-09-17,linkedin,https://www.linkedin.com/jobs/view/4468691367,2026-09-25T22:05:36Z,79,79
Angular FullStack Dev,Prodapt Solutions,"TN, IN",Not specified,Not specified,2026-09-25,indeed,https://in.indeed.com/viewjob?jk=011fffbd7bbee4c2,2026-09-25T22:05:36Z,56,56
Senior Software Engineer,Emerson,"Pune Division, Maharashtra, India",Not specified,"fulltime, mid-senior level, Engineering and Information Technology, Automation Machinery Manufacturing",2026-09-17,linkedin,https://www.linkedin.com/jobs/view/4468609308,2026-09-25T22:05:36Z,70,70
"Salesforce Commerce Cloud, Senior BE Engineer",ETS,"DL, IN",Not specified,fulltime,2026-09-25,indeed,https://in.indeed.com/viewjob?jk=9ab9b68850a170a6,2026-09-25T22:05:36Z,65,65
Full Stack Developer-Angular,UST,"Chennai, Tamil Nadu, India",Not specified,"fulltime, mid-senior level, Engineering and Information Technology, IT Services and IT Consulting",2026-09-16,linkedin,https://www.linkedin.com/jobs/view/4457234516,2026-09-25T22:05:36Z,89,89
Salesforce Commerce Cloud Senior Frontend Developer,ETS,"DL, IN",Not specified,fulltime,2026-09-25,indeed,https://in.indeed.com/viewjob?jk=b183069c7f708bc4,2026-09-25T22:05:36Z,77,77
"Software Development Engineer II, Tax Services",Amazon,"Hyderabad, Telangana, India",Not specified,"fulltime, mid-senior level, Information Technology, Consulting, and Engineering, Software Development",2026-09-16,linkedin,https://www.linkedin.com/jobs/view/4467731421,2026-09-25T22:05:36Z,87,87
Salesforce Commerce Cloud Frontend Developer,ETS,"DL, IN",Not specified,fulltime,2026-09-25,indeed,https://in.indeed.com/viewjob?jk=30ad59524d57ce64,2026-09-25T22:05:36Z,55,55
Senior Software Engineer,Edwards Vacuum,"Pune Division, Maharashtra, India",Not specified,"fulltime, not applicable, Engineering and Information Technology, Semiconductor Manufacturing",2026-09-16,linkedin,https://www.linkedin.com/jobs/view/4439880251,2026-09-25T22:05:36Z,65,65
"Salesforce Commerce Cloud, BE Engineer – India",ETS,"DL, IN",Not specified,fulltime,2026-09-25,indeed,https://in.indeed.com/viewjob?jk=f36556ec8cc684a1,2026-09-25T22:05:36Z,81,81
Lead I - Software Engineering- Java Backend,UST,"Trivandrum, Kerala, India",Not specified,"fulltime, mid-senior level, Engineering and Information Technology, IT Services and IT Consulting",2026-09-16,linkedin,https://www.linkedin.com/jobs/view/4465972716,2026-09-25T22:05:36Z,68,68
Salesforce Commerce Cloud Senior QA Engineer,ETS,"DL, IN",Not specified,fulltime,2026-09-25,indeed,https://in.indeed.com/viewjob?jk=f2abd343f6dbc7b0,2026-09-25T22:05:36Z,77,77
Python Developer,UST,"Chennai, Tamil Nadu, India",Not specified,"fulltime, mid-senior level, Engineering and Information Technology, IT Services and IT Consulting",2026-09-15,linkedin,https://www.linkedin.com/jobs/view/4456905068,2026-09-25T22:05:36Z,85,85
Salesforce Commerce Cloud QA Engineer,ETS,"DL, IN",Not specified,fulltime,2026-09-25,indeed,https://in.indeed.com/viewjob?jk=4eb02654a7bd6bac,2026-09-25T22:05:36Z,82,82
Software Engineer – .NET & Cloud (Full Stack) @ Resonate CX,Acquarius Capstorm Limited,"Kochi, Kerala, India",Not specified,"fulltime, entry level, Engineering and Information Technology, Business Consulting and Services",2026-09-14,linkedin,https://www.linkedin.com/jobs/view/4465763286,2026-09-25T22:05:36Z,62,62
Junior AI Developer,Mani India Technologies,"TN, IN",Not specified,fulltime,2026-09-25,indeed,https://in.indeed.com/viewjob?jk=6c30227678b1387f,2026-09-25T22:05:36Z,89,89
Java Developer (3+ years),Wyzard ai,"Gurugram, Haryana, India",Not specified,"fulltime, mid-senior level, Engineering and Information Technology, Software Development",2026-09-14,linkedin,https://www.linkedin.com/jobs/view/4463017818,2026-09-25T22:05:36Z,88,88
"Software Engineer III - Java, React UI, AI",JPMorganChase,"KA, IN",Not specified,fulltime,2026-09-25,indeed,https://in.indeed.com/viewjob?jk=a2e890ceac2238e8,2026-09-25T22:05:36Z,68,68
Senior Software Engineer(Java),Genesis Global,"Bengaluru, Karnataka, India",Not specified,"fulltime, mid-senior level, Engineering and Information Technology, Software Development",2026-09-13,linkedin,https://www.linkedin.com/jobs/view/4420681888,2026-09-25T22:05:36Z,87,87
"Software Engineer III - Java, React UI, AI",JPMorganChase,"KA, IN",Not specified,fulltime,2026-09-25,indeed,https://in.indeed.com/viewjob?jk=827665c6344983ee,2026-09-25T22:05:36Z,78,78
Senior Software Engineer (m/f/d) -  Tietoevry  Industry,Tieto,"Pune Division, Maharashtra, India",Not specified,"fulltime, mid-senior level, Engineering and Information Technology, Technology, Information and Internet",2026-09-13,linkedin,https://www.linkedin.com/jobs/view/4430461685,2026-09-25T22:05:36Z,58,58
Software Test Engineer,Riverstone Infotech,"TN, IN",Not specified,fulltime,2026-09-25,indeed,https://in.indeed.com/viewjob?jk=4c4ee23064647dde,2026-09-25T22:05:36Z,74,74
Python Backend Developer with AWS and SQL (Software Engineer II),JPMorganChase,"Bengaluru, Karnataka, India",Not specified,"fulltime, not applicable, Engineering and Information Technology, Financial Services",2026-09-12,linkedin,https://www.linkedin.com/jobs/view/4466439227,2026-09-25T22:05:36Z,62,62
Senior Software Developer – Data Science / Machine Learning,Bridgenext,"MH, IN",Not specified,fulltime,2026-09-25,indeed,https://in.indeed.com/viewjob?jk=54f0071ffcd8a0f8,2026-09-25T22:05:36Z,78,78
Software Engineer II,Blackhawk Network India,"Kozhikode, Kerala, India",Not specified,"fulltime, entry level, Engineering and Information Technology, Financial Services",2026-09-12,linkedin,https://www.linkedin.com/jobs/view/4415291426,2026-09-25T22:05:36Z,80,80
Flutter Developer,Appristine Technologies,"MH, IN",Not specified,Not specified,2026-09-25,indeed,https://in.indeed.com/viewjob?jk=38a78cae7c301a98,2026-09-25T22:05:36Z,66,66
Senior Software Engineer - Backend - Remote,Jitterbit,"Delhi, Delhi, India",Not specified,"fulltime, mid-senior level, Engineering, Software Development",2026-09-11,linkedin,https://www.linkedin.com/jobs/view/4423007102,2026-09-25T22:05:36Z,86,86
iOS Developer,Appristine Technologies,"MH, IN",Not specified,Not specified,2026-09-25,indeed,https://in.indeed.com/viewjob?jk=d583365e51f1527d,2026-09-25T22:05:36Z,69,69
Microservices JAVA with AWS-Software Engineer II,Deloitte,"Chennai, Tamil Nadu, India",Not specified,"fulltime, not applicable, Engineering and Information Technology, Business Consulting and Services",2026-09-11,linkedin,https://www.linkedin.com/jobs/view/4464880093,2026-09-25T22:05:36Z,80,80
AS400 Developer,Equifax,"KL, IN",Not specified,fulltime,2026-09-25,indeed,https://in.indeed.com/viewjob?jk=930a7d4ba07dc9ae,2026-09-25T22:05:36Z,87,87
"Software Development Engineer II, Recipient Experience, Recipient Experience",Amazon,"Hyderabad, Telangana, India",Not specified,"fulltime, mid-senior level, Information Technology, Consulting, and Engineering, Software Development",2026-09-11,linkedin,https://www.linkedin.com/jobs/view/4466007057,2026-09-25T22:05:36Z,87,87
PHP Developer,Riverstone Infotech,"TN, IN",Not specified,fulltime,2026-09-25,indeed,https://in.indeed.com/viewjob?jk=53b8e17e9bde05ac,2026-09-25T22:05:36Z,74,74
Backend Developer,vCommission,"Gurgaon, Haryana, India",Not specified,"fulltime, mid-senior level, Information Technology, IT Services and IT Consulting",2026-09-11,linkedin,https://www.linkedin.com/jobs/view/4464840790,2026-09-25T22:05:36Z,64,64
Python Developer,Appristine Technologies,"MH, IN",Not specified,Not specified,2026-09-25,indeed,https://in.indeed.com/viewjob?jk=a00ae0a8f4919944,2026-09-25T22:05:36Z,58,58
C++ Software Development Engineer,McAfee,"Bengaluru, Karnataka, India",Not specified,"fulltime, not applicable, Engineering, Computer and Network Security",2026-09-11,linkedin,https://www.linkedin.com/jobs/view/4465115804,2026-09-25T22:05:36Z,87,87
Senior Software Engineer (Python),TeamViewer,"UP, IN",Not specified,Not specified,2026-09-25,indeed,https://in.indeed.com/viewjob?jk=54ae5fa3c9ef6974,2026-09-25T22:05:36Z,61,61
Software Engineer (I) - Edge,NCR Voyix,"Hyderabad, Telangana, India",Not specified,"fulltime, entry level, Engineering and Information Technology, Software Development",2026-09-10,linkedin,https://www.linkedin.com/jobs/view/4465662202,2026-09-25T22:05:36Z,56,56
Senior DevOps Engineer,Celebrus Technologies,"TN, IN",Not specified,Not specified,2026-09-25,indeed,https://in.indeed.com/viewjob?jk=3a4fe5af5241ba35,2026-09-25T22:05:36Z,75,75
Software Engineer (Java),Comviva,"Gurugram, Haryana, India",Not specified,"fulltime, entry level, Engineering and Information Technology, Software Development",2026-09-10,linkedin,https://www.linkedin.com/jobs/view/4465636694,2026-09-25T22:05:36Z,88,88
"Graduate Engineer, Software",Barry Wehmiller Companies Inc,"TN, IN",Not specified,fulltime,2026-09-25,indeed,https://in.indeed.com/viewjob?jk=038dea9e29bd58b2,2026-09-25T22:05:36Z,80,80
Back-End Software Engineer - Core Java,Light & Wonder,"Bengaluru, Karnataka, India",Not specified,"fulltime, mid-senior level, Engineering and Information Technology, Gambling Facilities and Casinos",2026-09-10,linkedin,https://www.linkedin.com/jobs/view/4455303752,2026-09-25T22:05:36Z,62,62
"Lead Systems Operations Engineer - Java Production, splunk",Wells Fargo,"TS, IN",Not specified,fulltime,2026-09-25,indeed,https://in.indeed.com/viewjob?jk=4c6b7557edfa824b,2026-09-25T22:05:36Z,58,58
Software Development Engineer III,Clearwater Analytics,Not specified,Not specified,"fulltime, mid-senior level, Engineering and Information Technology, Software Development",2026-09-10,linkedin,https://www.linkedin.com/jobs/view/4418220091,2026-09-25T22:05:36Z,80,80
Full Stack Engineer,Zensar Technologies,IN,Not specified,Not specified,2026-09-25,indeed,https://in.indeed.com/viewjob?jk=e3b8606638430b49,2026-09-25T22:05:36Z,74,74
Software Engineer - Backend,Comviva,"Gurugram, Haryana, India",Not specified,"fulltime, entry level, Engineering and Information Technology, Software Development",2026-09-10,linkedin,https://www.linkedin.com/jobs/view/4465632406,2026-09-25T22:05:36Z,79,79
Agile PLM Cloud Developer,Zensar Technologies,"TS, IN",Not specified,Not specified,2026-09-25,indeed,https://in.indeed.com/viewjob?jk=d88e171b7f45fd18,2026-09-25T22:05:36Z,60,60
Software Engineer / PayX Developer,Comviva,"Gurugram, Haryana, India",Not specified,"fulltime, entry level, Engineering and Information Technology, Software Development",2026-09-10,linkedin,https://www.linkedin.com/jobs/view/4465648260,2026-09-25T22:05:36Z,86,86
Senior Engineer - Software Development,Linedata Services,"TN, IN",Not specified,Not specified,2026-09-25,indeed,https://in.indeed.com/viewjob?jk=23379440a70685aa,2026-09-25T22:05:36Z,63,63
"Software Dev Engineer II, Alexa Connections",Amazon,"Chennai, Tamil Nadu, India",Not specified,"fulltime, mid-senior level, Information Technology, Consulting, and Engineering, Software Development",2026-09-09,linkedin,https://www.linkedin.com/jobs/view/4455793886,2026-09-25T22:05:36Z,55,55
Software Development Engineer IV,Avalara,"Remote, IN",Not specified,Not specified,2026-09-25,indeed,https://in.indeed.com/viewjob?jk=f7227aad0b858391,2026-09-25T22:05:36Z,60,60
"Senior Software Engineer, Devices - India",JumpCloud,"Pune City, Maharashtra, India",Not specified,"fulltime, not applicable, Engineering and Information Technology, Software Development",2026-09-09,linkedin,https://www.linkedin.com/jobs/view/4463029763,2026-09-25T22:05:36Z,60,60
"Senior Engineer, EDT Data & Analytics Cloud Engineering",Stryker,"HR, IN",Not specified,"fulltime, Health Care",2026-09-25,indeed,https://in.indeed.com/viewjob?jk=2b05c34a6bdbd9ac,2026-09-25T22:05:36Z,62,62
"Senior Software Engineer, Devices - India",JumpCloud,"Hyderabad, Telangana, India",Not specified,"fulltime, not applicable, Engineering and Information Technology, Software Development",2026-09-09,linkedin,https://www.linkedin.com/jobs/view/4463032821,2026-09-25T22:05:36Z,74,74
ServiceNow Developer,OneAdvanced,"KA, IN",Not specified,Not specified,2026-09-25,indeed,https://in.indeed.com/viewjob?jk=345bd2a5bb95cc47,2026-09-25T22:05:36Z,69,69
"Software Development Engineer II, Amazon Music Search",Amazon Music,"Bengaluru, Karnataka, India",Not specified,"fulltime, mid-senior level, Information Technology, Consulting, and Engineering, Entertainment Providers",2026-09-09,linkedin,https://www.linkedin.com/jobs/view/4455790867,2026-09-25T22:05:36Z,65,65
ServiceNow Developer,OneAdvanced,"KA, IN",Not specified,Not specified,2026-09-25,indeed,https://in.indeed.com/viewjob?jk=e6cc5de43699c787,2026-09-25T22:05:36Z,88,88
Expert Software Engineer (Sunrise Product Experience),Harris Computer,"Pune Division, Maharashtra, India",Not specified,"fulltime, mid-senior level, Engineering and Information Technology, Software Development",2026-09-09,linkedin,https://www.linkedin.com/jobs/view/4464335301,2026-09-25T22:05:36Z,64,64
Staff Software Development Engineer in Test,Kaseya,"MH, IN",Not specified,Not specified,2026-09-25,indeed,https://in.indeed.com/viewjob?jk=f7291e6279a4838d,2026-09-25T22:05:36Z,70,70
"Software Development Engineer II, Amazon Music Automotive Team",Amazon Music,"Bengaluru, Karnataka, India",Not specified,"fulltime, mid-senior level, Information Technology, Consulting, and Engineering, Entertainment Providers",2026-09-09,linkedin,https://www.linkedin.com/jobs/view/4455900992,2026-09-25T22:05:36Z,62,62
Senior Software Development Engineer in Test,Kaseya,"MH, IN",Not specified,Not specified,2026-09-25,indeed,https://in.indeed.com/viewjob?jk=39af35638e604429,2026-09-25T22:05:36Z,90,90
Java Developer,Synechron,"Bengaluru East, Karnataka, India",Not specified,"fulltime, mid-senior level, Engineering and Information Technology, Software Development and IT Services and IT Consulting",2026-09-09,linkedin,https://www.linkedin.com/jobs/view/4463864460,2026-09-25T22:05:36Z,74,74
Sr. Developer - Application Development S 4B,Genpact,"TS, IN",Not specified,fulltime,2026-09-25,indeed,https://in.indeed.com/viewjob?jk=dd4470d17e9c2c2e,2026-09-25T22:05:36Z,72,72
"Software Development Engineer II , Amazon Pay",Amazon,Not specified,Not specified,"fulltime, mid-senior level, Information Technology, Consulting, and Engineering, Software Development",2026-09-09,linkedin,https://www.linkedin.com/jobs/view/4455911162,2026-09-25T22:05:36Z,65,65
"Engineer III, Software Development - Insight",NETGEAR,"KA, IN",Not specified,fulltime,2026-09-25,indeed,https://in.indeed.com/viewjob?jk=490567782e220f41,2026-09-25T22:05:36Z,66,66
"Software Development Engineer, Amazon Traffic Engineering",Amazon,"Hyderabad, Telangana, India",Not specified,"fulltime, mid-senior level, Information Technology, Consulting, and Engineering, Software Development",2026-09-09,linkedin,https://www.linkedin.com/jobs/view/4455787830,2026-09-25T22:05:36Z,68,68
"Senior Engineer I, Software Development - Insight",NETGEAR,"KA, IN",Not specified,fulltime,2026-09-25,indeed,https://in.indeed.com/viewjob?jk=b69ffdb2ad7ba104,2026-09-25T22:05:36Z,78,78
"Software Development Engineer, Amazon Books",Amazon,"Chennai, Tamil Nadu, India",Not specified,"fulltime, mid-senior level, Information Technology, Consulting, and Engineering, Software Development",2026-09-09,linkedin,https://www.linkedin.com/jobs/view/4455798222,2026-09-25T22:05:36Z,56,56
Staff Engineer I - Software Development Insight,NETGEAR,"KA, IN",Not specified,fulltime,2026-09-25,indeed,https://in.indeed.com/viewjob?jk=f70ddaac8848c58d,2026-09-25T22:05:36Z,61,61
"Software Dev Engineer-II, Infra Supply Chain Automation",Amazon Web Services (AWS),"Bengaluru, Karnataka, India",Not specified,"fulltime, mid-senior level, Information Technology, Consulting, and Engineering, IT Services and IT Consulting",2026-09-09,linkedin,https://www.linkedin.com/jobs/view/4465043242,2026-09-25T22:05:36Z,81,81
"Sr Engineer II, Software Development - Switch",NETGEAR,"KA, IN",Not specified,fulltime,2026-09-25,indeed,https://in.indeed.com/viewjob?jk=896ea718595fa27e,2026-09-25T22:05:36Z,69,69
Java Fullstack developer,BNP Paribas,"Chennai, Tamil Nadu, India",Not specified,"fulltime, entry level, Engineering and Information Technology, Banking",2026-09-09,linkedin,https://www.linkedin.com/jobs/view/4455730857,2026-09-25T22:05:36Z,55,55
Senior Software Engineer Salesforce,Okta,"KA, IN",Not specified,Not specified,2026-09-25,indeed,https://in.indeed.com/viewjob?jk=9e693ff533f830c2,2026-09-25T22:05:36Z,69,69
"Software Development Engineer, Amazon Fulfilment Tech",Amazon,"Bengaluru, Karnataka, India",Not specified,"fulltime, mid-senior level, Information Technology, Consulting, and Engineering, Software Development",2026-09-09,linkedin,https://www.linkedin.com/jobs/view/4455796311,2026-09-25T22:05:36Z,68,68
Odoo developer,Codilar Technologies,"KL, IN",Not specified,internship,2026-09-24,indeed,https://in.indeed.com/viewjob?jk=49377879d651f14f,2026-09-25T22:05:36Z,62,62
"Software Development Engineer II, Aurora Open Source Engines",Amazon Web Services (AWS),"Bengaluru, Karnataka, India",Not specified,"fulltime, mid-senior level, Information Technology, Consulting, and Engineering, IT Services and IT Consulting",2026-09-09,linkedin,https://www.linkedin.com/jobs/view/4455933248,2026-09-25T22:05:36Z,87,87
Principal Software Engineer,Microsoft,"TS, IN",Not specified,"fulltime, Internet And Software",2026-09-24,indeed,https://in.indeed.com/viewjob?jk=d2d3187e5b07284b,2026-09-25T22:05:36Z,65,65
"Software Development Engineer, Tax Engine Services",Amazon,"Bengaluru, Karnataka, India",Not specified,"fulltime, mid-senior level, Information Technology, Consulting, and Engineering, Software Development",2026-09-09,linkedin,https://www.linkedin.com/jobs/view/4455797503,2026-09-25T22:05:36Z,90,90
"Senior Cloud Software Engineer, Find My",Apple,"TS, IN",Not specified,Not specified,2026-09-23,indeed,https://in.indeed.com/viewjob?jk=fb02bfc9e6a507c5,2026-09-25T22:05:36Z,60,60
"Software Development Engineer, Inventory Authority Platform (IAP)",Amazon,"Bengaluru, Karnataka, India",Not specified,"fulltime, mid-senior level, Information Technology, Consulting, and Engineering, Software Development",2026-09-09,linkedin,https://www.linkedin.com/jobs/view/4455904556,2026-09-25T22:05:36Z,76,76
Senior PHP developer,Codilar Technologies,"KL, IN",Not specified,Not specified,2026-09-23,indeed,https://in.indeed.com/viewjob?jk=f030871f711d2124,2026-09-25T22:05:36Z,68,68
Developer III - Software Engineering,UST,"Hyderabad, Telangana, India",Not specified,"fulltime, mid-senior level, Engineering and Information Technology, IT Services and IT Consulting",2026-09-08,linkedin,https://www.linkedin.com/jobs/view/4462520665,2026-09-25T22:05:36Z,68,68
React Native / Next.js Developer,Codilar Technologies,"KL, IN",Not specified,fulltime,2026-09-23,indeed,https://in.indeed.com/viewjob?jk=34997eba9207341f,2026-09-25T22:05:36Z,75,75
Senior Software Engineer - Golang,CloudBees,"Chennai, Tamil Nadu, India",Not specified,"fulltime, mid-senior level, Engineering and Information Technology, Software Development",2026-09-08,linkedin,https://www.linkedin.com/jobs/view/4455258750,2026-09-25T22:05:36Z,64,64
Junior PHP developer,Codilar Technologies,"KL, IN",Not specified,Not specified,2026-09-23,indeed,https://in.indeed.com/viewjob?jk=939801a6c70bef55,2026-09-25T22:05:36Z,67,67
Lead I - Software Engineering - Python Developer,UST,"Bengaluru, Karnataka, India",Not specified,"fulltime, entry level, Engineering and Information Technology, IT Services and IT Consulting",2026-09-08,linkedin,https://www.linkedin.com/jobs/view/4462539861,2026-09-25T22:05:36Z,89,89
Cloud Infrastructure Architect (AWS / Azure / GCP),FyerX,"Remote, IN",Not specified,fulltime,2026-09-23,indeed,https://in.indeed.com/viewjob?jk=0140365a942af0be,2026-09-25T22:05:36Z,63,63
"(IND) STAFF, SOFTWARE ENGINEER",Walmart Global Tech India,"Bengaluru, Karnataka, India",Not specified,"fulltime, mid-senior level, Engineering and Information Technology, Software Development",2026-09-08,linkedin,https://www.linkedin.com/jobs/view/4385763297,2026-09-25T22:05:36Z,84,84
Software Engineer 2,Microsoft,"KA, IN",Not specified,"fulltime, Internet And Software",2026-09-23,indeed,https://in.indeed.com/viewjob?jk=6bb8a74e0995172d,2026-09-25T22:05:36Z,81,81
Software Engineer – Golang | Kubernetes | Distributed Systems | Cloud | Splunk Enterprise Security (4- 8 Years),Cisco,"Bengaluru, Karnataka, India",Not specified,"fulltime, mid-senior level, Engineering and Information Technology, Software Development",2026-09-07,linkedin,https://www.linkedin.com/jobs/view/4464321120,2026-09-25T22:05:36Z,63,63
Senior Software Engineer,Microsoft,"KA, IN",Not specified,"fulltime, Internet And Software",2026-09-23,indeed,https://in.indeed.com/viewjob?jk=63d3b1c0ddd4b825,2026-09-25T22:05:36Z,72,72
"Software Dev Engineer, Paragon",Amazon,"Bengaluru, Karnataka, India",Not specified,"fulltime, not applicable, Information Technology, Consulting, and Engineering, Software Development",2026-09-06,linkedin,https://www.linkedin.com/jobs/view/4463785871,2026-09-25T22:05:36Z,56,56
Principal Software Engineer,Microsoft,"KA, IN",Not specified,"fulltime, Internet And Software",2026-09-23,indeed,https://in.indeed.com/viewjob?jk=ba85be3b7fb98f26,2026-09-25T22:05:36Z,65,65
Software Engineer II - Fullstack Developer,AU SMALL FINANCE BANK,Not specified,Not specified,"fulltime, mid-senior level, Engineering and Information Technology, Banking",2026-09-05,linkedin,https://www.linkedin.com/jobs/view/4462635099,2026-09-25T22:05:36Z,63,63
Senior Software Engineer,Microsoft,"KA, IN",Not specified,"fulltime, Internet And Software",2026-09-23,indeed,https://in.indeed.com/viewjob?jk=92663f6c632c437e,2026-09-25T22:05:36Z,84,84
Software Engineer- III - FactSet Wealth Platform-FY26,FactSet,"Hyderabad, Telangana, India",Not specified,"fulltime, mid-senior level, Engineering and Information Technology, Financial Services",2026-09-05,linkedin,https://www.linkedin.com/jobs/view/4446629922,2026-09-25T22:05:36Z,68,68
Senior Software Engineer,Microsoft,"KA, IN",Not specified,"fulltime, Internet And Software",2026-09-23,indeed,https://in.indeed.com/viewjob?jk=3abb2d873607dd92,2026-09-25T22:05:36Z,80,80
Software Development Engineer,Clearwater Analytics,"Noida, Uttar Pradesh, India",Not specified,"fulltime, entry level, Engineering and Information Technology, Software Development",2026-09-05,linkedin,https://www.linkedin.com/jobs/view/4453593027,2026-09-25T22:05:36Z,79,79
Principal Software Engineer,Microsoft,"TS, IN",Not specified,"fulltime, Internet And Software",2026-09-18,indeed,https://in.indeed.com/viewjob?jk=7e5abf253ed7e082,2026-09-25T22:05:36Z,64,64
Software Engineer - Backend Services,Truveta,"Hyderabad, Telangana, India",Not specified,"fulltime, mid-senior level, Engineering and Information Technology, Software Development, Technology, Information and Internet, and IT Services and IT Consulting",2026-09-04,linkedin,https://www.linkedin.com/jobs/view/4434639696,2026-09-25T22:05:36Z,69,69
Senior Software Engineer,Microsoft,"TS, IN",Not specified,"fulltime, Internet And Software",2026-09-18,indeed,https://in.indeed.com/viewjob?jk=cc7a25fca2f87d71,2026-09-25T22:05:36Z,87,87
Java Developer,SAS,"Pune Division, Maharashtra, India",Not specified,"fulltime, mid-senior level, Research and Engineering, Software Development",2026-09-01,linkedin,https://www.linkedin.com/jobs/view/4458170847,2026-09-25T22:05:36Z,76,76
Node.js Backend Developer,Codilar Technologies,"KL, IN",Not specified,fulltime,2026-09-16,indeed,https://in.indeed.com/viewjob?jk=2766276dd051b2c2,2026-09-25T22:05:36Z,80,80
SDE 2 – Back End Developer,Sparrow RMS,"Gurugram, Haryana, India",Not specified,"fulltime, entry level, Engineering and Information Technology, Think Tanks",2026-09-01,linkedin,https://www.linkedin.com/jobs/view/4459288225,2026-09-25T22:05:36Z,84,84
Senior Software Engineering,Microsoft,"KA, IN",Not specified,"fulltime, Internet And Software",2026-09-15,indeed,https://in.indeed.com/viewjob?jk=1d0eb8cb15fe10d2,2026-09-25T22:05:36Z,76,76
Software Engineer - C# WPF,Siemens,"Bangalore Urban, Karnataka, India",Not specified,"fulltime, mid-senior level, Engineering and Information Technology, Automation Machinery Manufacturing",2026-09-01,linkedin,https://www.linkedin.com/jobs/view/4459276874,2026-09-25T22:05:36Z,62,62
Software QA Engineer,Xynosoft Solutions,IN,Not specified,fulltime,2026-04-20,indeed,https://in.indeed.com/viewjob?jk=875c4838a1ffc328,2026-09-25T22:05:36Z,59,59
Java - Engineer,Iris Software Inc.,"Noida, Uttar Pradesh, India",Not specified,"fulltime, entry level, Engineering and Information Technology, IT Services and IT Consulting",2026-08-31,linkedin,https://www.linkedin.com/jobs/view/4461511335,2026-09-25T22:05:36Z,61,61
Senior DevOps Engineer,SkyPoint Cloud,"KA, IN",Not specified,fulltime,2026-04-15,indeed,https://in.indeed.com/viewjob?jk=a0b8a2376bc3c612,2026-09-25T22:05:36Z,59,59
Software Engineer/Senior Software Engineer – Java Developer,NTT DATA Payment Services India,"Mumbai, Maharashtra, India",Not specified,"fulltime, mid-senior level, Engineering and Information Technology, Financial Services",2026-08-29,linkedin,https://www.linkedin.com/jobs/view/4459467912,2026-09-25T22:05:36Z,76,76
